codigo;ano
BBAS11.SA;2010
BBAS11.SA;2011
BBAS11.SA;2012
BBAS11.SA;2013
BBAS11.SA;2014
BBAS11.SA;2015
BBAS11.SA;2016
BBAS11.SA;2017
BBAS11.SA;2018
BBAS12.SA;2010
BBAS12.SA;2011
BBAS12.SA;2012
BBAS12.SA;2013
BBAS12.SA;2014
BBAS12.SA;2015
BBAS12.SA;2016
BBAS12.SA;2017
BBAS12.SA;2018
BBAS3.SA;2012
BBAS3.SA;2018
ALPA3.SA;2012
ALPA3.SA;2018
ALPA4.SA;2012
ALPA4.SA;2018
SLED3.SA;2010
SLED3.SA;2011
SLED3.SA;2012
SLED3.SA;2018
SLED4.SA;2012
SLED4.SA;2018
SOND3.SA;2010
SOND3.SA;2011
SOND3.SA;2012
SOND3.SA;2013
SOND3.SA;2014
SOND3.SA;2015
SOND3.SA;2016
SOND3.SA;2017
SOND3.SA;2018
SOND5.SA;2010
SOND5.SA;2011
SOND5.SA;2012
SOND5.SA;2013
SOND5.SA;2014
SOND5.SA;2015
SOND5.SA;2018
SOND6.SA;2010
SOND6.SA;2011
SOND6.SA;2012
SOND6.SA;2013
SOND6.SA;2014
SOND6.SA;2015
SOND6.SA;2018
SPRI3.SA;2012
SPRI5.SA;2010
SPRI5.SA;2012
SPRI5.SA;2014
SPRI5.SA;2015
SPRI6.SA;2010
SPRI6.SA;2011
SPRI6.SA;2012
SPRI6.SA;2013
SPRI6.SA;2014
SPRI6.SA;2015
SPRI6.SA;2016
SPRI6.SA;2017
WLMM3.SA;2010
WLMM3.SA;2011
WLMM3.SA;2012
WLMM3.SA;2013
WLMM3.SA;2014
WLMM3.SA;2015
WLMM3.SA;2016
WLMM3.SA;2017
WLMM3.SA;2018
WLMM4.SA;2012
WLMM4.SA;2014
WLMM4.SA;2015
WLMM4.SA;2018
BGIP3.SA;2010
BGIP4.SA;2010
TEKA3.SA;2012
TEKA3.SA;2018
TEKA4.SA;2012
TEKA4.SA;2013
TEKA4.SA;2018
TKNO3.SA;2010
TKNO3.SA;2011
TKNO3.SA;2012
TKNO3.SA;2013
TKNO3.SA;2014
TKNO3.SA;2015
TKNO3.SA;2016
TKNO3.SA;2017
TKNO3.SA;2018
TKNO4.SA;2010
TKNO4.SA;2011
TKNO4.SA;2012
TKNO4.SA;2013
TKNO4.SA;2014
TKNO4.SA;2015
TKNO4.SA;2016
TKNO4.SA;2017
TKNO4.SA;2018
OIBR3.SA;2012
OIBR3.SA;2015
OIBR3.SA;2018
OIBR4.SA;2011
OIBR4.SA;2012
OIBR4.SA;2013
OIBR4.SA;2018
OIBR11.SA;2010
OIBR11.SA;2011
OIBR11.SA;2012
OIBR11.SA;2013
OIBR11.SA;2014
OIBR11.SA;2015
OIBR11.SA;2016
OIBR11.SA;2017
OIBR11.SA;2018
CRPG3.SA;2010
CRPG3.SA;2011
CRPG3.SA;2012
CRPG5.SA;2010
CRPG5.SA;2012
CRPG5.SA;2015
CRPG6.SA;2012
CRPG6.SA;2014
BEES3.SA;2012
BEES3.SA;2018
BEES4.SA;2012
BEES4.SA;2014
BEES4.SA;2015
BEES4.SA;2018
UNIP3.SA;2012
UNIP3.SA;2018
UNIP5.SA;2010
UNIP5.SA;2011
UNIP5.SA;2012
UNIP5.SA;2018
UNIP6.SA;2012
UNIP6.SA;2018
VULC3.SA;2012
VULC3.SA;2018
MYPK3.SA;2012
MYPK3.SA;2018
MYPK12.SA;2010
MYPK12.SA;2011
MYPK12.SA;2012
MYPK12.SA;2013
MYPK12.SA;2014
MYPK12.SA;2015
MYPK12.SA;2016
MYPK12.SA;2017
MYPK12.SA;2018
AZEV3.SA;2010
AZEV3.SA;2011
AZEV3.SA;2012
AZEV3.SA;2014
AZEV4.SA;2010
AZEV4.SA;2011
AZEV4.SA;2012
AZEV4.SA;2014
MWET3.SA;2010
MWET3.SA;2011
MWET3.SA;2012
MWET3.SA;2013
MWET3.SA;2014
MWET3.SA;2015
MWET3.SA;2016
MWET3.SA;2017
MWET3.SA;2018
MWET4.SA;2010
MWET4.SA;2012
MWET4.SA;2015
MWET4.SA;2016
MWET4.SA;2017
MWET4.SA;2018
BRSR3.SA;2012
BRSR3.SA;2013
BRSR3.SA;2018
BRSR5.SA;2010
BRSR5.SA;2011
BRSR5.SA;2012
BRSR5.SA;2013
BRSR5.SA;2014
BRSR5.SA;2015
BRSR5.SA;2016
BRSR5.SA;2017
BRSR5.SA;2018
BRSR6.SA;2012
BRSR6.SA;2018
BOBR3.SA;2010
BOBR3.SA;2011
BOBR3.SA;2012
BOBR3.SA;2013
BOBR3.SA;2014
BOBR3.SA;2015
BOBR3.SA;2016
BOBR3.SA;2017
BOBR3.SA;2018
BOBR4.SA;2010
BOBR4.SA;2012
BOBR4.SA;2015
BOBR4.SA;2018
ITEC3.SA;2012
ITEC3.SA;2015
ITEC3.SA;2016
ITEC3.SA;2018
RCSL3.SA;2011
RCSL3.SA;2012
RCSL3.SA;2013
RCSL3.SA;2018
RCSL4.SA;2011
RCSL4.SA;2012
RCSL4.SA;2013
RCSL4.SA;2014
RCSL4.SA;2018
KLBN11.SA;2010
KLBN11.SA;2011
KLBN11.SA;2012
KLBN11.SA;2013
KLBN11.SA;2014
KLBN11.SA;2015
KLBN11.SA;2016
KLBN11.SA;2017
KLBN11.SA;2018
KLBN3.SA;2011
KLBN3.SA;2012
KLBN3.SA;2014
KLBN3.SA;2015
KLBN3.SA;2016
KLBN3.SA;2018
KLBN4.SA;2012
KLBN4.SA;2014
KLBN4.SA;2015
KLBN4.SA;2016
KLBN4.SA;2017
KLBN4.SA;2018
SNSY3.SA;2010
SNSY3.SA;2011
SNSY3.SA;2012
SNSY3.SA;2013
SNSY3.SA;2014
SNSY3.SA;2015
SNSY3.SA;2016
SNSY3.SA;2017
SNSY3.SA;2018
SNSY5.SA;2010
SNSY5.SA;2012
SNSY5.SA;2015
SNSY5.SA;2018
SNSY6.SA;2010
SNSY6.SA;2011
SNSY6.SA;2012
SNSY6.SA;2013
SNSY6.SA;2014
SNSY6.SA;2015
SNSY6.SA;2016
SNSY6.SA;2017
SNSY6.SA;2018
APTI3.SA;2010
APTI3.SA;2011
APTI3.SA;2012
APTI3.SA;2013
APTI3.SA;2014
APTI3.SA;2015
APTI3.SA;2016
APTI3.SA;2017
APTI3.SA;2018
APTI4.SA;2010
APTI4.SA;2011
APTI4.SA;2012
APTI4.SA;2013
APTI4.SA;2014
APTI4.SA;2015
APTI4.SA;2016
APTI4.SA;2017
APTI4.SA;2018
BMEB3.SA;2012
BMEB3.SA;2013
BMEB3.SA;2018
BMEB4.SA;2010
BMEB4.SA;2012
BMEB4.SA;2014
BMEB4.SA;2015
BMEB4.SA;2018
JOPA3.SA;2011
JOPA3.SA;2012
JOPA3.SA;2018
JOPA4.SA;2010
JOPA4.SA;2011
JOPA4.SA;2012
JOPA4.SA;2014
JOPA4.SA;2015
JOPA4.SA;2018
PLAS3.SA;2012
PLAS3.SA;2017
PLAS3.SA;2018
PLAS11.SA;2010
PLAS11.SA;2011
PLAS11.SA;2012
PLAS11.SA;2013
PLAS11.SA;2014
PLAS11.SA;2015
PLAS11.SA;2016
PLAS11.SA;2017
PLAS11.SA;2018
MNPR3.SA;2011
MNPR3.SA;2012
MNPR3.SA;2018
PTBL3.SA;2012
PTBL3.SA;2018
SCAR3.SA;2012
SCAR3.SA;2018
BRIV3.SA;2012
BRIV3.SA;2018
BRIV4.SA;2010
BRIV4.SA;2011
BRIV4.SA;2012
BRIV4.SA;2014
BRIV4.SA;2015
BRIV4.SA;2018
SUZB3.SA;2010
SUZB3.SA;2011
SUZB3.SA;2012
SUZB3.SA;2015
SUZB3.SA;2016
SUZB3.SA;2017
SUZB3.SA;2018
RAPT3.SA;2012
RAPT3.SA;2015
RAPT3.SA;2016
RAPT3.SA;2018
RAPT4.SA;2012
RAPT4.SA;2018
TOYB3.SA;2012
TOYB3.SA;2018
TOYB4.SA;2012
TOYB4.SA;2014
TOYB4.SA;2018
TOYB13.SA;2010
TOYB13.SA;2011
TOYB13.SA;2012
TOYB13.SA;2013
TOYB13.SA;2014
TOYB13.SA;2015
TOYB13.SA;2016
TOYB13.SA;2017
TOYB13.SA;2018
BSLI3.SA;2010
BSLI3.SA;2011
BSLI3.SA;2012
BSLI3.SA;2013
BSLI3.SA;2014
BSLI3.SA;2015
BSLI3.SA;2016
BSLI3.SA;2017
BSLI4.SA;2010
BSLI4.SA;2011
BSLI4.SA;2012
BSLI4.SA;2013
BSLI4.SA;2014
BSLI4.SA;2015
CPLE3.SA;2012
CPLE3.SA;2018
CPLE5.SA;2010
CPLE5.SA;2011
CPLE5.SA;2012
CPLE5.SA;2013
CPLE5.SA;2014
CPLE5.SA;2015
CPLE5.SA;2016
CPLE5.SA;2017
CPLE5.SA;2018
CPLE6.SA;2011
CPLE6.SA;2012
CPLE6.SA;2018
USIM3.SA;2012
USIM3.SA;2013
USIM3.SA;2018
USIM5.SA;2012
USIM5.SA;2018
USIM6.SA;2010
USIM6.SA;2011
USIM6.SA;2012
USIM6.SA;2013
USIM6.SA;2014
USIM6.SA;2015
USIM6.SA;2018
WHRL3.SA;2012
WHRL3.SA;2018
WHRL4.SA;2012
WHRL4.SA;2018
SBSP3.SA;2012
CEBR3.SA;2012
CEBR3.SA;2018
CEBR5.SA;2010
CEBR5.SA;2011
CEBR5.SA;2012
CEBR5.SA;2014
CEBR5.SA;2018
CEBR6.SA;2010
CEBR6.SA;2011
CEBR6.SA;2012
CEBR6.SA;2013
CEBR6.SA;2014
CEBR6.SA;2015
CEBR6.SA;2016
CEBR6.SA;2017
CEBR6.SA;2018
CYRE3.SA;2012
CYRE3.SA;2018
SHUL3.SA;2010
SHUL3.SA;2011
SHUL3.SA;2012
SHUL3.SA;2013
SHUL3.SA;2014
SHUL3.SA;2015
SHUL3.SA;2016
SHUL3.SA;2017
SHUL3.SA;2018
SHUL4.SA;2012
SHUL4.SA;2018
HGTX3.SA;2010
HGTX3.SA;2012
HGTX3.SA;2013
HGTX3.SA;2014
HGTX3.SA;2015
HGTX3.SA;2018
PCAR3.SA;2010
PCAR3.SA;2011
PCAR3.SA;2012
PCAR3.SA;2013
PCAR3.SA;2014
PCAR3.SA;2015
PCAR3.SA;2016
PCAR3.SA;2017
PCAR3.SA;2018
PCAR4.SA;2012
PCAR4.SA;2018
LTEL11B.SA;2010
LTEL11B.SA;2011
LTEL11B.SA;2012
LTEL11B.SA;2013
LTEL11B.SA;2014
LTEL11B.SA;2015
LTEL11B.SA;2016
LTEL11B.SA;2017
LTEL11B.SA;2018
LTEL3B.SA;2010
LTEL3B.SA;2011
LTEL3B.SA;2012
LTEL3B.SA;2013
LTEL3B.SA;2014
LTEL3B.SA;2015
LTEL3B.SA;2016
LTEL3B.SA;2017
LTEL3B.SA;2018
LTEL5B.SA;2010
LTEL5B.SA;2011
LTEL5B.SA;2012
LTEL5B.SA;2013
LTEL5B.SA;2014
LTEL5B.SA;2015
LTEL5B.SA;2016
LTEL5B.SA;2017
LTEL5B.SA;2018
BDLL3.SA;2010
BDLL3.SA;2011
BDLL3.SA;2012
BDLL3.SA;2013
BDLL3.SA;2014
BDLL3.SA;2015
BDLL3.SA;2016
BDLL3.SA;2017
BDLL3.SA;2018
BDLL4.SA;2012
BDLL4.SA;2013
BDLL4.SA;2014
BDLL4.SA;2018
ENGI11.SA;2012
ENGI11.SA;2014
ENGI11.SA;2015
ENGI11.SA;2016
ENGI11.SA;2017
ENGI11.SA;2018
ENGI3.SA;2012
ENGI3.SA;2018
ENGI4.SA;2010
ENGI4.SA;2012
ENGI4.SA;2013
ENGI4.SA;2018
ENGI12.SA;2010
ENGI12.SA;2011
ENGI12.SA;2012
ENGI12.SA;2013
ENGI12.SA;2014
ENGI12.SA;2015
ENGI12.SA;2016
ENGI12.SA;2017
ENGI12.SA;2018
FRRN3B.SA;2010
FRRN3B.SA;2011
FRRN3B.SA;2012
FRRN5B.SA;2010
FRRN5B.SA;2011
FRRN5B.SA;2012
FRRN6B.SA;2010
FRRN6B.SA;2011
FRRN6B.SA;2012
VSPT3.SA;2010
VSPT3.SA;2011
VSPT3.SA;2012
VSPT3.SA;2013
VSPT3.SA;2014
VSPT4.SA;2010
VSPT4.SA;2011
VSPT4.SA;2012
VSPT4.SA;2013
VSPT4.SA;2014
BTTL3.SA;2010
BTTL3.SA;2012
BTTL3.SA;2018
NEOE3B.SA;2010
NEOE3B.SA;2011
NEOE3B.SA;2012
NEOE3B.SA;2013
NEOE3B.SA;2014
NEOE3B.SA;2015
NEOE3B.SA;2016
NEOE3B.SA;2017
NEOE3B.SA;2018
BALM3.SA;2010
BALM3.SA;2011
BALM3.SA;2012
BALM3.SA;2013
BALM3.SA;2014
BALM3.SA;2015
BALM3.SA;2016
BALM3.SA;2017
BALM3.SA;2018
BALM4.SA;2010
BALM4.SA;2011
BALM4.SA;2012
BALM4.SA;2013
BALM4.SA;2014
BALM4.SA;2015
BALM4.SA;2016
BALM4.SA;2017
BALM4.SA;2018
GFSA3.SA;2012
GFSA3.SA;2018
GFSA1.SA;2010
GFSA1.SA;2011
GFSA1.SA;2012
GFSA1.SA;2013
GFSA1.SA;2014
GFSA1.SA;2015
GFSA1.SA;2016
GFSA1.SA;2017
GFSA1.SA;2018
BRFS3.SA;2012
BRFS3.SA;2018
RSID3.SA;2012
RSID3.SA;2016
RSID3.SA;2018
OPTS3B.SA;2010
OPTS3B.SA;2012
ECPR3.SA;2012
ECPR3.SA;2018
ECPR4.SA;2012
ECPR4.SA;2013
ECPR4.SA;2014
ECPR4.SA;2015
ECPR4.SA;2018
UPKP3B.SA;2010
GPCP3.SA;2012
GPCP3.SA;2018
GPCP4.SA;2010
GPCP4.SA;2011
GPCP4.SA;2012
GPCP4.SA;2013
GPCP4.SA;2014
GPCP4.SA;2015
GPCP4.SA;2016
GPCP4.SA;2017
GPCP4.SA;2018
PSSA3.SA;2012
PSSA3.SA;2013
LEVE3.SA;2018
GOAU3.SA;2012
GOAU3.SA;2018
GOAU4.SA;2012
GOAU4.SA;2018
JPSA3.SA;2010
JPSA3.SA;2011
JPSA3.SA;2012
JPSA3.SA;2018
MTSA3.SA;2010
MTSA3.SA;2011
MTSA3.SA;2012
MTSA3.SA;2018
MTSA4.SA;2010
MTSA4.SA;2012
MTSA4.SA;2013
MTSA4.SA;2015
MTSA4.SA;2018
MOAR3.SA;2012
MOAR3.SA;2018
NAFG3.SA;2010
NAFG3.SA;2011
NAFG3.SA;2012
NAFG3.SA;2014
NAFG3.SA;2018
NAFG4.SA;2010
NAFG4.SA;2011
NAFG4.SA;2012
NAFG4.SA;2013
NAFG4.SA;2014
NAFG4.SA;2015
NAFG4.SA;2018
NEMO3.SA;2010
NEMO3.SA;2011
NEMO3.SA;2012
NEMO3.SA;2013
NEMO3.SA;2014
NEMO3.SA;2015
NEMO3.SA;2016
NEMO3.SA;2017
NEMO3.SA;2018
NEMO5.SA;2010
NEMO5.SA;2011
NEMO5.SA;2012
NEMO5.SA;2013
NEMO5.SA;2014
NEMO5.SA;2015
NEMO5.SA;2016
NEMO5.SA;2017
NEMO5.SA;2018
NEMO6.SA;2010
NEMO6.SA;2011
NEMO6.SA;2012
NEMO6.SA;2013
NEMO6.SA;2014
NEMO6.SA;2015
NEMO6.SA;2016
NEMO6.SA;2017
NEMO6.SA;2018
BBDC3.SA;2012
BBDC3.SA;2018
BBDC4.SA;2012
BBDC4.SA;2018
PNVL3.SA;2012
PNVL3.SA;2018
PNVL4.SA;2012
PNVL4.SA;2014
PNVL4.SA;2015
PNVL4.SA;2018
PMAM3.SA;2012
PMAM3.SA;2015
PMAM3.SA;2018
PATI3.SA;2012
PATI3.SA;2018
PATI4.SA;2010
PATI4.SA;2011
PATI4.SA;2012
PATI4.SA;2013
PATI4.SA;2014
PATI4.SA;2015
PATI4.SA;2018
PETR3.SA;2012
PETR3.SA;2018
PETR4.SA;2012
PETR4.SA;2015
PETR4.SA;2018
RPAD3.SA;2012
RPAD5.SA;2012
RPAD6.SA;2012
RPMG3.SA;2012
ADHM3.SA;2012
ADHM3.SA;2018
ARZZ3.SA;2010
ARZZ3.SA;2011
ARZZ3.SA;2012
ARZZ3.SA;2018
SSBR3.SA;2010
SSBR3.SA;2011
SSBR3.SA;2012
SSBR3.SA;2018
ENAT3.SA;2010
ENAT3.SA;2011
ENAT3.SA;2012
ENAT3.SA;2013
ENAT3.SA;2014
ENAT3.SA;2015
ENAT3.SA;2016
ENAT3.SA;2017
ENAT3.SA;2018
SHOW3.SA;2010
SHOW3.SA;2011
SHOW3.SA;2012
SHOW3.SA;2013
SHOW3.SA;2018
MGLU3.SA;2010
MGLU3.SA;2011
MGLU3.SA;2012
MGLU3.SA;2017
MGLU3.SA;2018
QUAL3.SA;2010
QUAL3.SA;2011
QUAL3.SA;2012
QUAL3.SA;2018
BPHA3.SA;2010
BPHA3.SA;2011
BPHA3.SA;2012
BPHA3.SA;2018
TECN3.SA;2010
TECN3.SA;2011
TECN3.SA;2012
TECN3.SA;2018
SEDU3.SA;2010
SEDU3.SA;2011
SEDU3.SA;2012
SEDU3.SA;2013
SEDU3.SA;2014
SEDU3.SA;2018
STKF3.SA;2010
STKF3.SA;2011
STKF3.SA;2012
STKF3.SA;2013
STKF3.SA;2014
STKF3.SA;2015
STKF3.SA;2016
STKF3.SA;2017
STKF3.SA;2018
BPAC11.SA;2011
BPAC11.SA;2012
BPAC11.SA;2013
BPAC11.SA;2014
BPAC11.SA;2015
BPAC11.SA;2016
BPAC11.SA;2017
BPAC11.SA;2018
BPAC3.SA;2011
BPAC3.SA;2012
BPAC3.SA;2013
BPAC3.SA;2014
BPAC3.SA;2015
BPAC3.SA;2016
BPAC3.SA;2018
BPAC5.SA;2011
BPAC5.SA;2012
BPAC5.SA;2013
BPAC5.SA;2014
BPAC5.SA;2015
BPAC5.SA;2016
BPAC5.SA;2018
RADL3.SA;2012
RADL3.SA;2013
RADL3.SA;2016
RADL3.SA;2018
HAGA3.SA;2012
HAGA3.SA;2018
HAGA4.SA;2012
HAGA4.SA;2015
HAGA4.SA;2018
CCXC3.SA;2012
CCXC3.SA;2018
NUTR3.SA;2012
NUTR3.SA;2013
NUTR3.SA;2014
NUTR3.SA;2015
NUTR3.SA;2016
NUTR3.SA;2017
NUTR3.SA;2018
LCAM3.SA;2010
LCAM3.SA;2011
LCAM3.SA;2012
LCAM3.SA;2013
LCAM3.SA;2018
SQIA3.SA;2011
SQIA3.SA;2012
SQIA3.SA;2013
SQIA3.SA;2018
BPAT33.SA;2012
BPAT33.SA;2013
BPAT33.SA;2014
BPAT33.SA;2015
BPAT33.SA;2016
BPAT33.SA;2017
BPAT33.SA;2018
PPLA11.SA;2011
PPLA11.SA;2012
PPLA11.SA;2013
PPLA11.SA;2014
PPLA11.SA;2015
TCNO3.SA;2018
TCNO4.SA;2013
TCNO4.SA;2017
TCNO4.SA;2018
CSAN3.SA;2018
ALUP11.SA;2010
ALUP11.SA;2011
ALUP11.SA;2012
ALUP11.SA;2013
ALUP11.SA;2014
ALUP11.SA;2015
ALUP11.SA;2016
ALUP11.SA;2017
ALUP11.SA;2018
ALUP3.SA;2010
ALUP3.SA;2011
ALUP3.SA;2012
ALUP3.SA;2013
ALUP3.SA;2014
ALUP3.SA;2015
ALUP3.SA;2016
ALUP3.SA;2018
ALUP4.SA;2010
ALUP4.SA;2011
ALUP4.SA;2012
ALUP4.SA;2013
ALUP4.SA;2014
ALUP4.SA;2015
ALUP4.SA;2016
ALUP4.SA;2018
UCAS3.SA;2018
LINX3.SA;2011
LINX3.SA;2012
LINX3.SA;2013
LINX3.SA;2018
BBSE3.SA;2012
BBSE3.SA;2013
BBSE3.SA;2018
IGSN3.SA;2012
IGSN3.SA;2013
IGSN3.SA;2014
IGSN3.SA;2015
IGSN3.SA;2016
IGSN3.SA;2017
IGSN3.SA;2018
SEER3.SA;2011
SEER3.SA;2013
SEER3.SA;2018
ANIM3.SA;2012
ANIM3.SA;2013
ANIM3.SA;2018
ABEV3.SA;2018
CVCB3.SA;2012
CVCB3.SA;2013
CVCB3.SA;2018
RLOG3.SA;2013
RLOG3.SA;2014
RLOG3.SA;2018
DMMO3.SA;2013
DMMO3.SA;2014
DMMO3.SA;2015
DMMO3.SA;2016
DMMO3.SA;2018
DMMO11.SA;2013
DMMO11.SA;2014
DMMO11.SA;2015
DMMO11.SA;2016
DMMO11.SA;2017
DMMO11.SA;2018
OFSA3.SA;2014
OFSA3.SA;2015
OFSA3.SA;2018
EEEL3.SA;2015
EEEL3.SA;2018
EEEL4.SA;2014
EEEL4.SA;2015
EEEL4.SA;2018
JBDU11.SA;2015
JBDU11.SA;2016
JBDU11.SA;2017
JBDU12.SA;2015
JBDU12.SA;2016
JBDU12.SA;2017
GEPA3.SA;2018
GEPA4.SA;2015
GEPA4.SA;2018
QUSW3.SA;2015
QUSW3.SA;2016
QUSW3.SA;2017
QUSW3.SA;2018
MEAL3.SA;2011
MEAL3.SA;2012
MEAL3.SA;2016
MEAL3.SA;2018
WIZS3.SA;2014
WIZS3.SA;2015
WIZS3.SA;2016
WIZS3.SA;2017
WIZS3.SA;2018
HCBR3.SA;2014
HCBR3.SA;2015
HCBR3.SA;2016
HCBR3.SA;2017
HCBR3.SA;2018
HCBR1.SA;2014
HCBR1.SA;2015
HCBR1.SA;2016
HCBR1.SA;2017
HCBR1.SA;2018
AHEB5.SA;2015
AHEB6.SA;2015
CBSC-CRA12B0.SA;2010
CBSC-CRA12B0.SA;2011
CBSC-CRA12B0.SA;2012
CBSC-CRA12B0.SA;2013
CBSC-CRA12B0.SA;2014
CBSC-CRA12B0.SA;2015
CBSC-CRA12B0.SA;2016
CBSC-CRA12B0.SA;2017
CBSC-CRA12B0.SA;2018
CBSC-CRA19B0.SA;2010
CBSC-CRA19B0.SA;2011
CBSC-CRA19B0.SA;2012
CBSC-CRA19B0.SA;2013
CBSC-CRA19B0.SA;2014
CBSC-CRA19B0.SA;2015
CBSC-CRA19B0.SA;2016
CBSC-CRA19B0.SA;2017
CBSC-CRA19B0.SA;2018
CBSC-CRA1AB0.SA;2010
CBSC-CRA1AB0.SA;2011
CBSC-CRA1AB0.SA;2012
CBSC-CRA1AB0.SA;2013
CBSC-CRA1AB0.SA;2014
CBSC-CRA1AB0.SA;2015
CBSC-CRA1AB0.SA;2016
CBSC-CRA1AB0.SA;2017
CBSC-CRA1AB0.SA;2018
CBSC-CRA1BB0.SA;2010
CBSC-CRA1BB0.SA;2011
CBSC-CRA1BB0.SA;2012
CBSC-CRA1BB0.SA;2013
CBSC-CRA1BB0.SA;2014
CBSC-CRA1BB0.SA;2015
CBSC-CRA1BB0.SA;2016
CBSC-CRA1BB0.SA;2017
CBSC-CRA1BB0.SA;2018
CBSC-CRA21B0.SA;2010
CBSC-CRA21B0.SA;2011
CBSC-CRA21B0.SA;2012
CBSC-CRA21B0.SA;2013
CBSC-CRA21B0.SA;2014
CBSC-CRA21B0.SA;2015
CBSC-CRA21B0.SA;2016
CBSC-CRA21B0.SA;2017
CBSC-CRA21B0.SA;2018
BRQB3.SA;2014
BRQB3.SA;2015
BRQB3.SA;2016
BRQB3.SA;2017
BRQB3.SA;2018
CNSY3.SA;2015
CNSY3.SA;2016
CNSY3.SA;2017
CNSY3.SA;2018
AALR3.SA;2015
AALR3.SA;2016
AALR3.SA;2017
AALR3.SA;2018
ATOM3.SA;2018
OMGE3.SA;2013
OMGE3.SA;2014
OMGE3.SA;2015
OMGE3.SA;2016
OMGE3.SA;2017
OMGE3.SA;2018
MOVI3.SA;2014
MOVI3.SA;2015
MOVI3.SA;2016
MOVI3.SA;2017
MOVI3.SA;2018
PARD3.SA;2016
PARD3.SA;2017
PARD3.SA;2018
AZUL4.SA;2016
AZUL4.SA;2017
AZUL4.SA;2018
CRFB3.SA;2016
CRFB3.SA;2017
CRFB3.SA;2018
IRBR3.SA;2016
IRBR3.SA;2017
IRBR3.SA;2018
STTR3.SA;2016
STTR3.SA;2017
STTR3.SA;2018
PRNR3.SA;2016
PRNR3.SA;2017
PRNR3.SA;2018
SMLS3.SA;2018
BKBR3.SA;2016
BKBR3.SA;2017
BKBR3.SA;2018
GBIO33.SA;2016
GBIO33.SA;2017
GBIO33.SA;2018
LOGG3.SA;2012
LOGG3.SA;2013
LOGG3.SA;2014
LOGG3.SA;2015
LOGG3.SA;2016
LOGG3.SA;2017
LOGG3.SA;2018
MSRO3.SA;2018
SMFT11.SA;2016
SMFT11.SA;2017
SMFT11.SA;2018
SMFT12.SA;2016
SMFT12.SA;2017
SMFT12.SA;2018
SMFT13.SA;2016
SMFT13.SA;2017
SMFT13.SA;2018
SMFT14.SA;2016
SMFT14.SA;2017
SMFT14.SA;2018
SMFT15.SA;2016
SMFT15.SA;2017
SMFT15.SA;2018
SMFT3.SA;2016
SMFT3.SA;2017
SMFT3.SA;2018
SMFT6.SA;2016
SMFT6.SA;2017
SMFT6.SA;2018
INNT3.SA;2018
FLEX3.SA;2016
FLEX3.SA;2017
FLEX3.SA;2018
GNDI3.SA;2017
GNDI3.SA;2018
HAPV3.SA;2017
HAPV3.SA;2018
BIDI4.SA;2017
BIDI4.SA;2018
PTCA11.SA;2017
PTCA11.SA;2018
PTCA3.SA;2017
PTCA3.SA;2018
EALT3.SA;2018
EALT4.SA;2018
BPAN4.SA;2012
BPAN4.SA;2018
ENEV3.SA;2012
ENEV3.SA;2018
ALSC3.SA;2010
ALSC3.SA;2012
ALSC3.SA;2018
OSXB3.SA;2010
OSXB3.SA;2012
OSXB3.SA;2018
DIRR3.SA;2010
DIRR3.SA;2012
DIRR3.SA;2018
GPAR3.SA;2010
GPAR3.SA;2011
GPAR3.SA;2012
GPAR3.SA;2013
GPAR3.SA;2014
GPAR3.SA;2015
GPAR3.SA;2016
GPAR3.SA;2017
GPAR3.SA;2018
HYPE3.SA;2012
HYPE3.SA;2018
LLIS3.SA;2018
B3SA3.SA;2010
B3SA3.SA;2011
B3SA3.SA;2012
B3SA3.SA;2016
B3SA3.SA;2018
RNEW11.SA;2010
RNEW11.SA;2011
RNEW11.SA;2012
RNEW11.SA;2013
RNEW11.SA;2014
RNEW11.SA;2015
RNEW11.SA;2016
RNEW11.SA;2017
RNEW11.SA;2018
RNEW3.SA;2010
RNEW3.SA;2011
RNEW3.SA;2012
RNEW3.SA;2013
RNEW3.SA;2014
RNEW3.SA;2018
RNEW4.SA;2010
RNEW4.SA;2011
RNEW4.SA;2012
RNEW4.SA;2013
RNEW4.SA;2014
RNEW4.SA;2015
RNEW4.SA;2016
RNEW4.SA;2017
RNEW4.SA;2018
TRPN3.SA;2012
TRPN3.SA;2018
CIEL3.SA;2012
CIEL3.SA;2018
FLRY3.SA;2012
FLRY3.SA;2018
JSLG3.SA;2010
JSLG3.SA;2012
JSLG3.SA;2018
AMAR3.SA;2012
AMAR3.SA;2018
PRIO3.SA;2010
PRIO3.SA;2012
PRIO3.SA;2018
APER3.SA;2010
APER3.SA;2011
APER3.SA;2012
APER3.SA;2013
APER3.SA;2014
APER3.SA;2015
APER3.SA;2016
APER3.SA;2017
APER3.SA;2018
RANI3.SA;2012
RANI3.SA;2018
RANI4.SA;2011
RANI4.SA;2012
RANI4.SA;2013
RANI4.SA;2014
RANI4.SA;2015
RANI4.SA;2018
ELET3.SA;2012
ELET3.SA;2016
ELET3.SA;2018
ELET5.SA;2010
ELET5.SA;2011
ELET5.SA;2012
ELET5.SA;2013
ELET5.SA;2014
ELET5.SA;2015
ELET5.SA;2017
ELET5.SA;2018
ELET6.SA;2010
ELET6.SA;2012
ELET6.SA;2018
CMIG3.SA;2012
CMIG3.SA;2018
CMIG4.SA;2012
CMIG4.SA;2018
CLSC3.SA;2010
CLSC3.SA;2012
CLSC3.SA;2013
CLSC3.SA;2014
CLSC3.SA;2017
CLSC3.SA;2018
CLSC4.SA;2010
CLSC4.SA;2011
CLSC4.SA;2012
CLSC4.SA;2018
FESA3.SA;2012
FESA3.SA;2018
FESA4.SA;2012
FESA4.SA;2013
FESA4.SA;2018
CEDO3.SA;2011
CEDO3.SA;2012
CEDO3.SA;2013
CEDO3.SA;2014
CEDO3.SA;2015
CEDO3.SA;2016
CEDO3.SA;2017
CEDO3.SA;2018
CEDO4.SA;2010
CEDO4.SA;2011
CEDO4.SA;2012
CEDO4.SA;2013
CEDO4.SA;2014
CEDO4.SA;2015
CEDO4.SA;2018
CSAB3.SA;2010
CSAB3.SA;2011
CSAB3.SA;2012
CSAB3.SA;2013
CSAB3.SA;2014
CSAB3.SA;2015
CSAB3.SA;2016
CSAB3.SA;2017
CSAB3.SA;2018
CSAB4.SA;2010
CSAB4.SA;2011
CSAB4.SA;2012
CSAB4.SA;2013
CSAB4.SA;2014
CSAB4.SA;2018
CTNM3.SA;2010
CTNM3.SA;2012
CTNM3.SA;2018
CTNM4.SA;2012
CTNM4.SA;2014
CTNM4.SA;2018
REDE3.SA;2012
REDE3.SA;2017
REDE3.SA;2018
HBTS3.SA;2010
HBTS3.SA;2011
HBTS3.SA;2012
HBTS3.SA;2013
HBTS3.SA;2014
HBTS3.SA;2015
HBTS3.SA;2016
HBTS3.SA;2017
HBTS3.SA;2018
HBTS5.SA;2010
HBTS5.SA;2011
HBTS5.SA;2012
HBTS5.SA;2013
HBTS5.SA;2014
HBTS5.SA;2015
HBTS5.SA;2018
HBTS6.SA;2010
HBTS6.SA;2011
HBTS6.SA;2012
HBTS6.SA;2013
HBTS6.SA;2014
HBTS6.SA;2015
HBTS6.SA;2016
HBTS6.SA;2017
HBTS6.SA;2018
CATA3.SA;2010
CATA3.SA;2011
CATA3.SA;2012
CATA3.SA;2013
CATA3.SA;2014
CATA3.SA;2015
CATA3.SA;2016
CATA3.SA;2017
CATA3.SA;2018
CATA4.SA;2010
CATA4.SA;2011
CATA4.SA;2012
CATA4.SA;2013
CATA4.SA;2014
CATA4.SA;2015
CATA4.SA;2016
CATA4.SA;2017
CATA4.SA;2018
MSPA3.SA;2011
MSPA3.SA;2012
MSPA3.SA;2018
MSPA4.SA;2010
MSPA4.SA;2011
MSPA4.SA;2012
MSPA4.SA;2013
MSPA4.SA;2014
MSPA4.SA;2015
MSPA4.SA;2016
MSPA4.SA;2017
MSPA4.SA;2018
GGBR3.SA;2012
GGBR3.SA;2018
GGBR4.SA;2012
GGBR4.SA;2017
GGBR4.SA;2018
CSNA3.SA;2011
CSNA3.SA;2012
CSNA3.SA;2018
CTSA3.SA;2012
CTSA3.SA;2014
CTSA3.SA;2018
CTSA4.SA;2012
CTSA4.SA;2013
CTSA4.SA;2014
CTSA4.SA;2015
CTSA4.SA;2018
CTSA8.SA;2010
CTSA8.SA;2011
CTSA8.SA;2012
CTSA8.SA;2013
CTSA8.SA;2014
CTSA8.SA;2015
CTSA8.SA;2016
CTSA8.SA;2017
CTSA8.SA;2018
CTKA3.SA;2010
CTKA3.SA;2011
CTKA3.SA;2012
CTKA3.SA;2013
CTKA3.SA;2014
CTKA3.SA;2015
CTKA3.SA;2016
CTKA3.SA;2017
CTKA3.SA;2018
CTKA4.SA;2012
CTKA4.SA;2013
CTKA4.SA;2014
CTKA4.SA;2018
VALE3.SA;2012
VALE3.SA;2013
VALE3.SA;2018
ELEK4.SA;2010
CGRA3.SA;2010
CGRA3.SA;2012
CGRA3.SA;2018
CGRA4.SA;2012
CGRA4.SA;2018
GUAR3.SA;2012
GUAR3.SA;2016
GUAR3.SA;2018
BRGE11.SA;2010
BRGE11.SA;2011
BRGE11.SA;2012
BRGE11.SA;2013
BRGE11.SA;2014
BRGE11.SA;2015
BRGE11.SA;2016
BRGE11.SA;2017
BRGE11.SA;2018
BRGE12.SA;2010
BRGE12.SA;2011
BRGE12.SA;2012
BRGE12.SA;2013
BRGE12.SA;2014
BRGE12.SA;2015
BRGE12.SA;2016
BRGE12.SA;2017
BRGE12.SA;2018
BRGE3.SA;2010
BRGE3.SA;2012
BRGE3.SA;2015
BRGE3.SA;2018
BRGE5.SA;2010
BRGE5.SA;2011
BRGE5.SA;2012
BRGE5.SA;2013
BRGE5.SA;2014
BRGE5.SA;2015
BRGE5.SA;2016
BRGE5.SA;2017
BRGE5.SA;2018
BRGE6.SA;2010
BRGE6.SA;2011
BRGE6.SA;2012
BRGE6.SA;2013
BRGE6.SA;2014
BRGE6.SA;2015
BRGE6.SA;2016
BRGE6.SA;2017
BRGE6.SA;2018
BRGE7.SA;2010
BRGE7.SA;2011
BRGE7.SA;2012
BRGE7.SA;2013
BRGE7.SA;2014
BRGE7.SA;2015
BRGE7.SA;2016
BRGE7.SA;2017
BRGE7.SA;2018
BRGE8.SA;2010
BRGE8.SA;2011
BRGE8.SA;2012
BRGE8.SA;2013
BRGE8.SA;2014
BRGE8.SA;2015
BRGE8.SA;2016
BRGE8.SA;2017
BRGE8.SA;2018
CALI3.SA;2010
CALI3.SA;2011
CALI3.SA;2012
CALI3.SA;2013
CALI3.SA;2014
CALI3.SA;2015
CALI3.SA;2016
CALI3.SA;2017
CALI3.SA;2018
CALI4.SA;2010
CALI4.SA;2011
CALI4.SA;2012
CALI4.SA;2013
CALI4.SA;2014
CALI4.SA;2015
CALI4.SA;2018
BRKM3.SA;2012
BRKM3.SA;2018
BRKM5.SA;2010
BRKM5.SA;2012
BRKM5.SA;2016
BRKM5.SA;2018
BRKM6.SA;2010
BRKM6.SA;2011
BRKM6.SA;2012
BRKM6.SA;2013
BRKM6.SA;2014
BRKM6.SA;2015
BRKM6.SA;2016
BRKM6.SA;2017
BRKM6.SA;2018
CORR3.SA;2010
CORR3.SA;2011
CORR3.SA;2012
CORR3.SA;2013
CORR3.SA;2014
CORR3.SA;2015
CORR3.SA;2016
CORR3.SA;2017
CORR3.SA;2018
CORR4.SA;2010
CORR4.SA;2011
CORR4.SA;2012
CORR4.SA;2013
CORR4.SA;2014
CORR4.SA;2015
CORR4.SA;2016
CORR4.SA;2018
DOHL3.SA;2010
DOHL3.SA;2011
DOHL3.SA;2012
DOHL3.SA;2018
DOHL4.SA;2012
DOHL4.SA;2013
DOHL4.SA;2014
DOHL4.SA;2018
MNDL3.SA;2012
MNDL3.SA;2015
MNDL3.SA;2018
WEGE3.SA;2012
WEGE3.SA;2014
WEGE3.SA;2018
ETER3.SA;2012
ETER3.SA;2014
ETER3.SA;2018
EUCA3.SA;2010
EUCA3.SA;2011
EUCA3.SA;2012
EUCA3.SA;2018
EUCA4.SA;2012
EUCA4.SA;2015
EUCA4.SA;2016
EUCA4.SA;2018
FJTA3.SA;2011
FJTA3.SA;2012
FJTA3.SA;2018
FJTA4.SA;2012
FJTA4.SA;2018
FJTA13.SA;2010
FJTA13.SA;2011
FJTA13.SA;2012
FJTA13.SA;2013
FJTA13.SA;2014
FJTA13.SA;2015
FJTA13.SA;2016
FJTA13.SA;2017
FJTA13.SA;2018
FJTA15.SA;2010
FJTA15.SA;2011
FJTA15.SA;2012
FJTA15.SA;2013
FJTA15.SA;2014
FJTA15.SA;2015
FJTA15.SA;2016
FJTA15.SA;2017
FJTA15.SA;2018
FJTA17.SA;2010
FJTA17.SA;2011
FJTA17.SA;2012
FJTA17.SA;2013
FJTA17.SA;2014
FJTA17.SA;2015
FJTA17.SA;2016
FJTA17.SA;2017
FJTA17.SA;2018
FRAS3.SA;2010
FRAS3.SA;2011
FRAS3.SA;2012
FRAS3.SA;2018
TUPY3.SA;2011
TUPY3.SA;2012
TUPY3.SA;2013
TUPY3.SA;2015
TUPY3.SA;2016
TUPY3.SA;2017
TUPY3.SA;2018
VVAR3.SA;2012
VVAR3.SA;2013
VVAR3.SA;2018
HOOT3.SA;2010
HOOT3.SA;2011
HOOT3.SA;2012
HOOT3.SA;2013
HOOT3.SA;2014
HOOT3.SA;2015
HOOT3.SA;2016
HOOT3.SA;2017
HOOT3.SA;2018
HOOT4.SA;2011
HOOT4.SA;2012
HOOT4.SA;2013
HOOT4.SA;2014
HOOT4.SA;2015
HOOT4.SA;2016
HOOT4.SA;2017
HOOT4.SA;2018
IGBR3.SA;2012
IGBR3.SA;2018
BAHI3.SA;2012
BAHI3.SA;2018
ROMI3.SA;2011
ROMI3.SA;2012
ROMI3.SA;2013
ROMI3.SA;2018
TXRX3.SA;2010
TXRX3.SA;2011
TXRX3.SA;2012
TXRX3.SA;2013
TXRX3.SA;2014
TXRX3.SA;2015
TXRX3.SA;2016
TXRX3.SA;2017
TXRX3.SA;2018
INEP3.SA;2012
INEP4.SA;2012
INEP4.SA;2013
INEP4.SA;2016
ITSA3.SA;2012
ITSA3.SA;2018
ITSA4.SA;2012
ITSA4.SA;2018
JFEN3.SA;2012
KEPL3.SA;2012
KEPL3.SA;2018
KEPL11.SA;2010
KEPL11.SA;2011
KEPL11.SA;2012
KEPL11.SA;2013
KEPL11.SA;2014
KEPL11.SA;2015
KEPL11.SA;2016
KEPL11.SA;2017
KEPL11.SA;2018
GPIV33.SA;2012
GPIV33.SA;2018
WSON33.SA;2012
WSON33.SA;2018
LAME3.SA;2012
LAME3.SA;2018
LAME4.SA;2012
LAME4.SA;2013
LAME4.SA;2018
LREN3.SA;2012
LREN3.SA;2018
LUXM3.SA;2010
LUXM3.SA;2011
LUXM3.SA;2012
LUXM3.SA;2013
LUXM3.SA;2014
LUXM3.SA;2015
LUXM3.SA;2016
LUXM3.SA;2017
LUXM3.SA;2018
LUXM4.SA;2010
LUXM4.SA;2011
LUXM4.SA;2012
LUXM4.SA;2013
LUXM4.SA;2014
LUXM4.SA;2015
LUXM4.SA;2018
MGEL3.SA;2010
MGEL3.SA;2011
MGEL3.SA;2012
MGEL3.SA;2013
MGEL3.SA;2014
MGEL3.SA;2015
MGEL3.SA;2016
MGEL3.SA;2017
MGEL3.SA;2018
MGEL4.SA;2012
MGEL4.SA;2015
MGEL4.SA;2016
MGEL4.SA;2018
ESTR3.SA;2010
ESTR3.SA;2011
ESTR3.SA;2012
ESTR3.SA;2018
ESTR4.SA;2012
ESTR4.SA;2016
ESTR4.SA;2017
ESTR4.SA;2018
POMO3.SA;2012
POMO3.SA;2018
POMO4.SA;2012
POMO4.SA;2018
LEVE3.SA;2010
LEVE3.SA;2011
LEVE3.SA;2012
PSSA3.SA;2015
PSSA3.SA;2018
BMKS3.SA;2012
EMAE3.SA;2010
EMAE3.SA;2011
EMAE3.SA;2012
EMAE3.SA;2013
EMAE3.SA;2014
EMAE3.SA;2015
EMAE3.SA;2016
EMAE3.SA;2017
EMAE3.SA;2018
EMAE4.SA;2012
EMAE4.SA;2013
EMAE4.SA;2014
EMAE4.SA;2015
EMAE4.SA;2018
EGIE3.SA;2012
EGIE3.SA;2015
EGIE3.SA;2018
RAIL3.SA;2010
RAIL3.SA;2011
RAIL3.SA;2012
RAIL3.SA;2013
RAIL3.SA;2014
RAIL3.SA;2015
RAIL3.SA;2016
RAIL3.SA;2018
CPTP3B.SA;2010
CPTP3B.SA;2011
CPTP3B.SA;2012
CPTP3B.SA;2013
CPTP3B.SA;2014
CPTP3B.SA;2015
CPTP3B.SA;2016
SLCT3B.SA;2010
SLCT3B.SA;2011
SLCT3B.SA;2012
SLCT3B.SA;2013
SLCT3B.SA;2014
SLCT3B.SA;2015
SLCT3B.SA;2016
SLCT3B.SA;2017
TIMP3.SA;2011
TIMP3.SA;2012
TIMP3.SA;2018
VIVT3.SA;2012
VIVT3.SA;2014
VIVT3.SA;2018
VIVT4.SA;2012
VIVT4.SA;2018
STBP3.SA;2010
STBP3.SA;2011
STBP3.SA;2012
STBP3.SA;2018
MMXM3.SA;2012
MMXM3.SA;2018
MMXM11.SA;2010
MMXM11.SA;2011
MMXM11.SA;2012
MMXM11.SA;2013
MMXM11.SA;2014
MMXM11.SA;2017
MMXM11.SA;2018
A.SA;2013
A.SA;2014
A.SA;2015
A.SA;2016
A.SA;2017
KROT3.SA;2010
KROT3.SA;2011
KROT3.SA;2012
KROT3.SA;2018
TRPL3.SA;2012
TRPL3.SA;2018
TRPL4.SA;2012
TRPL4.SA;2014
TRPL4.SA;2018
IDNT3.SA;2012
IDNT3.SA;2014
IDNT3.SA;2018
UGPA3.SA;2010
UGPA3.SA;2011
UGPA3.SA;2012
UGPA3.SA;2017
UGPA3.SA;2018
CPFE3.SA;2010
CPFE3.SA;2012
CPFE3.SA;2014
CPFE3.SA;2018
PEAB3.SA;2011
PEAB3.SA;2012
PEAB3.SA;2018
PEAB4.SA;2010
PEAB4.SA;2011
PEAB4.SA;2012
PEAB4.SA;2013
PEAB4.SA;2014
PEAB4.SA;2015
PEAB4.SA;2016
PEAB4.SA;2017
PEAB4.SA;2018
BRAP3.SA;2012
BRAP3.SA;2018
BRAP4.SA;2012
BRAP4.SA;2018
IVPR3B.SA;2010
IVPR3B.SA;2011
IVPR3B.SA;2012
IVPR3B.SA;2013
IVPR3B.SA;2014
IVPR3B.SA;2015
IVPR3B.SA;2016
IVPR3B.SA;2017
IVPR3B.SA;2018
IVPR4B.SA;2010
IVPR4B.SA;2011
IVPR4B.SA;2012
IVPR4B.SA;2013
IVPR4B.SA;2014
IVPR4B.SA;2015
IVPR4B.SA;2016
IVPR4B.SA;2017
IVPR4B.SA;2018
CCRO3.SA;2012
CCRO3.SA;2018
TIET11.SA;2010
TIET11.SA;2011
TIET11.SA;2012
TIET11.SA;2013
TIET11.SA;2014
TIET11.SA;2015
TIET11.SA;2016
TIET11.SA;2017
TIET11.SA;2018
TIET3.SA;2012
TIET3.SA;2018
TIET4.SA;2012
TIET4.SA;2018
CANT3B.SA;2010
CANT3B.SA;2011
CANT3B.SA;2012
CANT3B.SA;2013
CANT3B.SA;2014
CANT3B.SA;2015
CANT3B.SA;2016
CANT3B.SA;2017
CANT3B.SA;2018
CANT4B.SA;2010
CANT4B.SA;2011
CANT4B.SA;2012
CANT4B.SA;2013
CANT4B.SA;2014
CANT4B.SA;2015
CANT4B.SA;2016
CANT4B.SA;2017
CANT4B.SA;2018
LIQO3.SA;2012
LIQO3.SA;2014
LIQO3.SA;2018
BIOM3.SA;2010
BIOM3.SA;2011
BIOM3.SA;2012
BIOM3.SA;2017
BIOM3.SA;2018
TPIS3.SA;2012
ITUB3.SA;2012
ITUB3.SA;2018
ITUB4.SA;2012
ITUB4.SA;2018
CSMG3.SA;2012
CSMG3.SA;2015
CSMG3.SA;2016
CSMG3.SA;2018
ECOR3.SA;2010
ECOR3.SA;2012
ECOR3.SA;2018
NATU3.SA;2012
NATU3.SA;2018
GOLL4.SA;2012
GOLL4.SA;2018
GOLL12.SA;2010
GOLL12.SA;2011
GOLL12.SA;2012
GOLL12.SA;2013
GOLL12.SA;2014
GOLL12.SA;2015
GOLL12.SA;2016
GOLL12.SA;2017
GOLL12.SA;2018
GRND3.SA;2012
GRND3.SA;2018
DASA3.SA;2010
DASA3.SA;2012
DASA3.SA;2018
FRTA3.SA;2011
FRTA3.SA;2012
FRTA3.SA;2018
RENT3.SA;2012
RENT3.SA;2018
ENBR3.SA;2012
ENBR3.SA;2018
RBCS-CRI2PB0.SA;2010
RBCS-CRI2QB0.SA;2010
RBCS-CRI2RB0.SA;2010
RBCS-CRI73B0.SA;2010
RBCS-CRI84B0.SA;2010
RBCS-CRI85B0.SA;2010
RBCS-CRI86B0.SA;2010
LIGT3.SA;2012
LIGT3.SA;2013
LIGT3.SA;2018
BRML3.SA;2012
BRML3.SA;2018
BRPR3.SA;2010
BRPR3.SA;2012
BRPR3.SA;2018
TOTS3.SA;2012
TOTS3.SA;2018
EQTL3.SA;2012
EQTL3.SA;2018
VLID3.SA;2012
VLID3.SA;2018
LUPA3.SA;2011
LUPA3.SA;2012
LUPA3.SA;2018
LUPA11.SA;2010
LUPA11.SA;2011
LUPA11.SA;2012
LUPA11.SA;2013
LUPA11.SA;2014
LUPA11.SA;2015
LUPA11.SA;2016
LUPA11.SA;2017
LUPA11.SA;2018
EMBR3.SA;2012
EMBR3.SA;2018
ODPV3.SA;2012
ODPV3.SA;2013
ODPV3.SA;2018
TAEE11.SA;2010
TAEE11.SA;2011
TAEE11.SA;2012
TAEE11.SA;2013
TAEE11.SA;2014
TAEE11.SA;2015
TAEE11.SA;2016
TAEE11.SA;2017
TAEE11.SA;2018
TAEE3.SA;2010
TAEE3.SA;2011
TAEE3.SA;2012
TAEE3.SA;2018
TAEE4.SA;2010
TAEE4.SA;2011
TAEE4.SA;2012
TAEE4.SA;2013
TAEE4.SA;2014
TAEE4.SA;2015
TAEE4.SA;2016
TAEE4.SA;2017
TAEE4.SA;2018
MDIA3.SA;2012
MDIA3.SA;2018
PFRM3.SA;2012
PFRM3.SA;2015
PFRM3.SA;2018
TESA3.SA;2012
TESA3.SA;2018
TESA1.SA;2010
TESA1.SA;2011
TESA1.SA;2012
TESA1.SA;2013
TESA1.SA;2014
TESA1.SA;2015
TESA1.SA;2016
TESA1.SA;2017
TESA1.SA;2018
POSI3.SA;2012
POSI3.SA;2017
POSI3.SA;2018
LPSB3.SA;2012
LPSB3.SA;2018
TCSA3.SA;2010
TCSA3.SA;2012
TCSA3.SA;2018
RDNI3.SA;2012
RDNI3.SA;2018
PDGR3.SA;2012
PDGR3.SA;2017
PDGR3.SA;2018
IGTA3.SA;2012
IGTA3.SA;2018
EVEN3.SA;2012
EVEN3.SA;2017
EVEN3.SA;2018
SANB11.SA;2012
SANB11.SA;2014
SANB11.SA;2018
SANB3.SA;2012
SANB3.SA;2014
SANB3.SA;2018
SANB4.SA;2012
SANB4.SA;2017
SANB4.SA;2018
CPRE3.SA;2010
CPRE3.SA;2011
CPRE3.SA;2012
CPRE3.SA;2013
CPRE3.SA;2014
CPRE3.SA;2018
PINE3.SA;2010
PINE3.SA;2011
PINE3.SA;2012
PINE3.SA;2013
PINE3.SA;2014
PINE3.SA;2015
PINE3.SA;2016
PINE3.SA;2017
PINE3.SA;2018
PINE4.SA;2010
PINE4.SA;2012
PINE4.SA;2016
PINE4.SA;2018
JBSS3.SA;2012
JBSS3.SA;2018
JHSF3.SA;2012
JHSF3.SA;2018
FRIO3.SA;2012
FRIO3.SA;2014
FRIO3.SA;2015
FRIO3.SA;2016
FRIO3.SA;2018
FHER3.SA;2012
CRDE3.SA;2012
CRDE3.SA;2014
CRDE3.SA;2018
VIVR3.SA;2012
VIVR3.SA;2018
LOGN3.SA;2012
LOGN3.SA;2018
LOGN12.SA;2010
LOGN12.SA;2011
LOGN12.SA;2012
LOGN12.SA;2013
LOGN12.SA;2014
LOGN12.SA;2015
LOGN12.SA;2016
LOGN12.SA;2017
LOGN12.SA;2018
SLCE3.SA;2012
SLCE3.SA;2018
EZTC3.SA;2012
EZTC3.SA;2018
MRFG3.SA;2012
MRFG3.SA;2018
TGMA3.SA;2012
TGMA3.SA;2017
TGMA3.SA;2018
HBOR3.SA;2012
HBOR3.SA;2018
IDVL3.SA;2010
IDVL3.SA;2011
IDVL3.SA;2012
IDVL3.SA;2018
IDVL4.SA;2012
IDVL4.SA;2017
IDVL4.SA;2018
MRVE3.SA;2010
MRVE3.SA;2012
MRVE3.SA;2013
MRVE3.SA;2018
BEEF3.SA;2012
BEEF3.SA;2018
BEEF11.SA;2010
BEEF11.SA;2011
BEEF11.SA;2012
BEEF11.SA;2013
BEEF11.SA;2014
BEEF11.SA;2015
BEEF11.SA;2016
BEEF11.SA;2017
BEEF11.SA;2018
ABCB4.SA;2012
ABCB4.SA;2018
SGPS3.SA;2012
SGPS3.SA;2018
MULT3.SA;2012
MULT3.SA;2018
BTOW3.SA;2012
BTOW3.SA;2018
GSHP3.SA;2012
GSHP3.SA;2018
CAMB3.SA;2010
CAMB3.SA;2011
CAMB3.SA;2012
CAMB3.SA;2013
CAMB3.SA;2014
CAMB3.SA;2015
CAMB3.SA;2016
CAMB3.SA;2017
CAMB3.SA;2018
CAMB4.SA;2010
CAMB4.SA;2012
CAMB4.SA;2015
CAMB4.SA;2018
CAMB10.SA;2010
CAMB10.SA;2011
CAMB10.SA;2012
CAMB10.SA;2013
CAMB10.SA;2014
CAMB10.SA;2015
CAMB10.SA;2016
CAMB10.SA;2017
CAMB10.SA;2018
ESTC3.SA;2012
ESTC3.SA;2018
CCPR3.SA;2012
CCPR3.SA;2018
DTEX3.SA;2012
DTEX3.SA;2018
SULA11.SA;2012
SULA11.SA;2018
SULA3.SA;2010
SULA3.SA;2011
SULA3.SA;2012
SULA3.SA;2018
SULA4.SA;2010
SULA4.SA;2011
SULA4.SA;2012
SULA4.SA;2013
SULA4.SA;2014
SULA4.SA;2015
SULA4.SA;2016
SULA4.SA;2017
SULA4.SA;2018
TRIS3.SA;2012
TRIS3.SA;2016
TRIS3.SA;2018
TEND3.SA;2010
TEND3.SA;2011
TEND3.SA;2012
TEND3.SA;2013
TEND3.SA;2014
TEND3.SA;2015
TEND3.SA;2016
TEND3.SA;2017
TEND3.SA;2018
BBRK3.SA;2012
BBRK3.SA;2018
